,CODGEO\DEP,medecins,population,FCA,desert_medical
0,75056,358.0,2145906.0,0.00020813502108976478,False
1,77001,0.0,1151.0,3.958649132826701e-05,False
2,77002,0.0,819.0,3.388620930748153e-05,False
3,77003,0.0,342.0,3.7837964552998464e-05,False
4,77004,0.0,299.0,4.1318089174808556e-05,False
5,77005,0.0,3305.0,4.791651357120058e-05,False
6,77006,0.0,978.0,4.4142079985703484e-05,False
7,77007,0.0,355.0,3.860565838810055e-05,False
8,77008,0.0,1213.0,3.788531376579335e-05,False
9,77009,0.0,129.0,3.406184318517242e-05,False
10,77010,0.0,941.0,3.753859538299654e-05,False
11,77011,0.0,491.0,3.440944864331798e-05,False
12,77012,0.0,292.0,3.180473699158353e-05,True
13,77013,0.0,361.0,3.7482717217033395e-05,False
14,77014,0.0,13545.0,4.8168616153498716e-05,False
15,77015,0.0,100.0,3.107809920031528e-05,True
16,77016,0.0,1607.0,3.608045441277816e-05,False
17,77018,0.0,7288.0,4.436287221492331e-05,False
18,77019,0.0,335.0,3.2084633115293915e-05,True
19,77020,0.0,649.0,3.328436694189485e-05,True
20,77021,0.0,154.0,3.44791465333358e-05,False
21,77022,0.0,1245.0,4.5454924706993244e-05,False
22,77023,0.0,359.0,3.910064902765956e-05,False
23,77024,0.0,393.0,3.5098978774366435e-05,False
24,77025,0.0,872.0,3.158162841337278e-05,True
25,77026,0.0,354.0,3.297022736696904e-05,True
26,77027,0.0,1175.0,3.805397716891716e-05,False
27,77029,0.0,185.0,3.80249492823424e-05,False
28,77030,0.0,773.0,3.310337143377655e-05,True
29,77031,0.0,946.0,3.818296281747944e-05,False
30,77032,0.0,924.0,3.134090971301693e-05,True
31,77033,0.0,230.0,3.147239929437505e-05,True
32,77034,0.0,782.0,4.088711433274384e-05,False
33,77035,0.0,546.0,3.4052598599086984e-05,False
34,77036,0.0,134.0,3.178954926054713e-05,True
35,77037,3.0,5933.0,5.990292226407262e-05,False
36,77038,0.0,413.0,5.368800657807214e-05,False
37,77039,0.0,1169.0,5.224949559994724e-05,False
38,77040,0.0,3712.0,5.043099389100652e-05,False
39,77041,0.0,278.0,3.8261168710999454e-05,False
40,77042,0.0,3249.0,3.6383228499574195e-05,False
41,77043,0.0,334.0,3.3766972302866314e-05,True
42,77044,0.0,952.0,3.7426550376454695e-05,False
43,77045,0.0,721.0,3.53546995774482e-05,False
44,77046,0.0,329.0,3.740668590550709e-05,False
45,77047,0.0,1698.0,3.9762983724534275e-05,False
46,77048,0.0,2768.0,3.9609229347391786e-05,False
47,77049,0.0,837.0,3.938362281465441e-05,False
48,77050,0.0,528.0,3.70335381799364e-05,False
49,77051,0.0,2337.0,2.8104014939359836e-05,True
50,77052,0.0,361.0,3.78973740313904e-05,False
51,77053,0.0,19161.0,5.8174065619871945e-05,False
52,77054,0.0,721.0,3.445103599765094e-05,False
53,77055,2.0,4890.0,6.209282270060614e-05,False
54,77056,0.0,147.0,3.554118541119876e-05,False
55,77057,0.0,539.0,3.4493627822943166e-05,False
56,77058,4.0,26551.0,6.131454050293926e-05,False
57,77059,0.0,676.0,6.0654355640336115e-05,False
58,77060,0.0,730.0,3.846775665254246e-05,False
59,77061,0.0,2575.0,3.560669494041603e-05,False
60,77062,0.0,456.0,5.172050008034553e-05,False
61,77063,0.0,1251.0,3.750227832648094e-05,False
62,77065,0.0,1247.0,4.45820991514142e-05,False
63,77066,0.0,310.0,3.182827120410475e-05,True
64,77067,0.0,10937.0,5.329050370010878e-05,False
65,77068,0.0,215.0,2.8365418286792935e-05,True
66,77069,0.0,2083.0,4.674359288141845e-05,False
67,77070,0.0,1520.0,3.596563541094883e-05,False
68,77071,0.0,842.0,3.591484467441397e-05,False
69,77072,0.0,678.0,3.413232024200727e-05,False
70,77073,0.0,553.0,3.316959392389402e-05,True
71,77075,0.0,1384.0,4.595483310818549e-05,False
72,77076,0.0,757.0,2.8617739487262265e-05,True
73,77077,0.0,1032.0,4.000121788415927e-05,False
74,77078,0.0,1365.0,3.729237605115399e-05,False
75,77079,0.0,6354.0,3.79369372543612e-05,False
76,77080,0.0,197.0,3.1699960370174325e-05,True
77,77081,0.0,731.0,4.622847179646332e-05,False
78,77082,0.0,812.0,4.022782970048013e-05,False
79,77083,0.0,25230.0,6.531978671267577e-05,False
80,77084,0.0,1372.0,3.7419761643170904e-05,False
81,77085,0.0,4017.0,5.197038957175278e-05,False
82,77086,0.0,1428.0,3.7435942593777475e-05,False
83,77087,0.0,177.0,3.608996636015739e-05,False
84,77088,0.0,2367.0,3.895021779868454e-05,False
85,77089,0.0,908.0,3.4938998368347815e-05,False
86,77090,0.0,240.0,3.156187547257565e-05,True
87,77091,0.0,494.0,4.357649645257982e-05,False
88,77093,0.0,434.0,3.343934500795699e-05,True
89,77094,0.0,300.0,4.477311859109988e-05,False
90,77095,0.0,1539.0,4.435042872432709e-05,False
91,77096,0.0,2542.0,5.379622594388551e-05,False
92,77097,0.0,299.0,3.187939413435481e-05,True
93,77098,0.0,360.0,3.221226451984089e-05,True
94,77099,0.0,3020.0,3.6995118650616595e-05,False
95,77100,0.0,4282.0,4.2251084409216215e-05,False
96,77101,0.0,1060.0,3.043567410485386e-05,True
97,77102,0.0,161.0,3.417117161052841e-05,False
98,77103,0.0,220.0,4.1497049133001845e-05,False
99,77104,0.0,704.0,4.3957031717215246e-05,False
100,77106,0.0,1024.0,3.4663536081110685e-05,False
101,77107,0.0,3387.0,4.0347696557363274e-05,False
102,77108,5.0,54372.0,7.272443166207259e-05,False
103,77109,0.0,1653.0,3.3035716048434127e-05,True
104,77110,0.0,305.0,3.62388900153651e-05,False
105,77111,0.0,6724.0,4.8140799702671694e-05,False
106,77112,0.0,255.0,3.579129107710997e-05,False
107,77113,0.0,1068.0,3.2021010845862915e-05,True
108,77114,0.0,3920.0,5.481506387956701e-05,False
109,77115,0.0,511.0,3.2402739594292276e-05,True
110,77116,0.0,1314.0,3.249895463987748e-05,True
111,77117,0.0,958.0,3.517722161686949e-05,False
112,77118,0.0,12316.0,5.057377088886189e-05,False
113,77119,0.0,244.0,3.42927467583816e-05,False
114,77120,0.0,631.0,3.634788268989736e-05,False
115,77121,0.0,3339.0,5.8005364143556086e-05,False
116,77122,0.0,21657.0,7.495655627383475e-05,False
117,77123,0.0,816.0,4.976140765510388e-05,False
118,77124,0.0,1746.0,5.2314044095297896e-05,False
119,77125,0.0,1429.0,4.066769857505806e-05,False
120,77126,0.0,1769.0,3.824160364006291e-05,False
121,77127,0.0,1885.0,4.925954385492348e-05,False
122,77128,0.0,2096.0,3.949445778836118e-05,False
123,77129,0.0,566.0,3.627592422444477e-05,False
124,77130,0.0,517.0,3.8743728739049124e-05,False
125,77131,2.0,14953.0,4.545792529355261e-05,False
126,77132,0.0,2867.0,4.4570216284674126e-05,False
127,77133,0.0,196.0,3.321496675708842e-05,True
128,77134,0.0,150.0,3.16412497097012e-05,True
129,77135,0.0,1272.0,3.627302760575854e-05,False
130,77136,0.0,189.0,4.701702446671045e-05,False
131,77137,0.0,240.0,3.161708645084826e-05,True
132,77138,0.0,548.0,3.7945533864522986e-05,False
133,77139,0.0,6643.0,6.008816296604805e-05,False
134,77140,0.0,271.0,3.2850048302721705e-05,True
135,77141,0.0,1196.0,4.180749983335201e-05,False
136,77142,0.0,4774.0,3.919733499987341e-05,False
137,77143,0.0,5288.0,4.324565716154848e-05,False
138,77144,0.0,440.0,4.060663457073503e-05,False
139,77145,0.0,616.0,4.586944778618454e-05,False
140,77146,0.0,2009.0,5.916900828998517e-05,False
141,77147,0.0,664.0,3.243430668405334e-05,True
142,77148,0.0,1820.0,3.860727557690195e-05,False
143,77150,0.0,460.0,4.1485234672728055e-05,False
144,77151,0.0,270.0,3.2452543266066126e-05,True
145,77152,0.0,22318.0,5.60498806179812e-05,False
146,77153,1.0,10830.0,4.940035279412761e-05,False
147,77154,0.0,1168.0,4.0235913950115916e-05,False
148,77155,0.0,3517.0,5.175542209266364e-05,False
149,77156,0.0,903.0,3.597200027754367e-05,False
150,77157,0.0,317.0,3.68116852453792e-05,False
151,77158,0.0,199.0,3.241833327926354e-05,True
152,77159,0.0,2760.0,2.9118903805288082e-05,True
153,77161,0.0,797.0,3.2298851244076965e-05,True
154,77162,0.0,1094.0,3.291079152422379e-05,True
155,77163,0.0,374.0,3.9804220818711705e-05,False
156,77164,0.0,558.0,3.4522842281991975e-05,False
157,77165,0.0,602.0,3.932033114565061e-05,False
158,77167,0.0,320.0,2.9914129166699047e-05,True
159,77168,0.0,2151.0,3.5833306921577814e-05,False
160,77169,0.0,7667.0,6.439809947718707e-05,False
161,77171,1.0,6464.0,4.448086776145937e-05,False
162,77172,0.0,891.0,3.432757538775454e-05,False
163,77173,0.0,825.0,3.849620534515146e-05,False
164,77174,0.0,578.0,2.8331152158051784e-05,True
165,77175,0.0,3070.0,5.6413809764397744e-05,False
166,77176,0.0,2991.0,3.635764201762195e-05,False
167,77177,0.0,1186.0,5.0869325175009874e-05,False
168,77178,0.0,497.0,3.5715766929220034e-05,False
169,77179,0.0,601.0,4.0003985255953425e-05,False
170,77180,3.0,1263.0,6.470239840324318e-05,False
171,77181,0.0,3796.0,5.507023105568128e-05,False
172,77182,0.0,4877.0,3.21498542404368e-05,True
173,77183,1.0,9672.0,4.0177982112519035e-05,False
174,77184,0.0,610.0,3.228478778576647e-05,True
175,77185,0.0,654.0,4.4706189537958396e-05,False
176,77186,4.0,15903.0,6.142005162446076e-05,False
177,77187,0.0,581.0,3.1424994066007036e-05,True
178,77188,0.0,992.0,4.508012089940046e-05,False
179,77190,0.0,263.0,3.4811644767571395e-05,False
180,77191,0.0,1052.0,3.595173314336802e-05,False
181,77192,0.0,5756.0,4.1637005516540324e-05,False
182,77193,0.0,241.0,4.021774404247068e-05,False
183,77194,0.0,421.0,3.660593403999129e-05,False
184,77195,0.0,583.0,4.251317481982387e-05,False
185,77196,0.0,964.0,4.704546159312614e-05,False
186,77197,0.0,166.0,3.256903003011148e-05,True
187,77198,0.0,241.0,3.6004748971322024e-05,False
188,77199,0.0,1402.0,3.9360753320225694e-05,False
189,77200,0.0,122.0,3.4615152741998574e-05,False
190,77201,0.0,688.0,3.4659964215624595e-05,False
191,77202,0.0,809.0,3.5913135186642676e-05,False
192,77203,0.0,1336.0,3.8376546329727036e-05,False
193,77204,0.0,209.0,3.729236929692944e-05,False
194,77205,0.0,147.0,4.003253008261713e-05,False
195,77206,0.0,183.0,3.7229674085765436e-05,False
196,77207,0.0,152.0,3.391028607726089e-05,False
197,77208,0.0,1361.0,3.004370414714968e-05,True
198,77209,0.0,1188.0,5.379728865437236e-05,False
199,77210,0.0,2886.0,3.670194668583426e-05,False
200,77211,0.0,1015.0,3.561059860675251e-05,False
201,77212,0.0,163.0,3.251880476731392e-05,True
202,77214,0.0,807.0,5.026150903244639e-05,False
203,77215,0.0,8459.0,5.2975550239259165e-05,False
204,77216,0.0,1421.0,3.8005050478312325e-05,False
205,77217,0.0,2521.0,5.223582999712627e-05,False
206,77218,0.0,107.0,3.0401985792714622e-05,True
207,77219,0.0,2641.0,3.8011112369572305e-05,False
208,77220,0.0,265.0,3.708135642710598e-05,False
209,77221,0.0,1136.0,5.310246994422555e-05,False
210,77222,0.0,4344.0,4.217378902655644e-05,False
211,77223,0.0,564.0,3.091025616824183e-05,True
212,77224,0.0,253.0,3.805082250257801e-05,False
213,77225,0.0,327.0,3.822243400488408e-05,False
214,77226,0.0,2518.0,4.116549774807538e-05,False
215,77227,0.0,615.0,3.083660048365635e-05,True
216,77228,0.0,257.0,3.408979132530349e-05,False
217,77229,0.0,1646.0,4.126820929613825e-05,False
218,77230,0.0,160.0,3.4511802165721585e-05,False
219,77231,0.0,819.0,3.725557361170836e-05,False
220,77232,0.0,1145.0,4.3819651674868265e-05,False
221,77233,0.0,596.0,4.130800480363087e-05,False
222,77234,0.0,702.0,4.546791964648667e-05,False
223,77235,0.0,317.0,3.592072913036926e-05,False
224,77236,0.0,345.0,2.9857310566049798e-05,True
225,77237,2.0,640.0,5.59467619242553e-05,False
226,77238,0.0,4345.0,3.595204105374355e-05,False
227,77239,0.0,1504.0,3.3613098445202746e-05,True
228,77240,0.0,2212.0,3.361550851298659e-05,True
229,77241,0.0,2018.0,4.418846137399864e-05,False
230,77242,0.0,532.0,2.8845694645965622e-05,True
231,77243,2.0,21139.0,5.516849867952988e-05,False
232,77244,0.0,697.0,3.743397434805093e-05,False
233,77245,0.0,403.0,3.4374842666769005e-05,False
234,77246,0.0,583.0,3.376894872228018e-05,True
235,77247,0.0,441.0,3.2925062162811574e-05,True
236,77248,0.0,776.0,4.367641005363234e-05,False
237,77249,0.0,7125.0,6.015908815803511e-05,False
238,77250,0.0,163.0,3.115357136820375e-05,True
239,77251,9.0,13804.0,8.680792441246255e-05,False
240,77252,0.0,564.0,5.212231084066471e-05,False
241,77253,0.0,315.0,4.8760967158187285e-05,False
242,77254,0.0,1295.0,4.553310410734105e-05,False
243,77255,0.0,2207.0,5.4437634075652987e-05,False
244,77256,0.0,187.0,3.0364151690998554e-05,True
245,77257,0.0,3529.0,3.511066162329377e-05,False
246,77258,0.0,14388.0,6.218142193654548e-05,False
247,77259,0.0,2303.0,4.821619979708598e-05,False
248,77260,0.0,1778.0,2.9042166290198846e-05,True
249,77261,0.0,1208.0,3.2375838303070625e-05,True
250,77262,0.0,497.0,3.4217942114562234e-05,False
251,77263,0.0,232.0,2.7880260970814356e-05,True
252,77264,0.0,1512.0,3.8411606227212055e-05,False
253,77265,0.0,1092.0,3.5016230427129056e-05,False
254,77266,0.0,785.0,3.833888949104049e-05,False
255,77267,0.0,355.0,3.692242032040804e-05,False
256,77268,0.0,9082.0,4.42067505794055e-05,False
257,77269,0.0,1819.0,5.268352457267478e-05,False
258,77270,0.0,954.0,3.80430073046671e-05,False
259,77271,0.0,137.0,3.5618121457299015e-05,False
260,77272,0.0,861.0,3.1200529067807576e-05,True
261,77273,0.0,594.0,4.400801251208256e-05,False
262,77274,0.0,449.0,3.8923510087704246e-05,False
263,77275,0.0,150.0,3.196085952443211e-05,True
264,77276,1.0,3306.0,4.7264458177672845e-05,False
265,77277,0.0,1798.0,4.048929227333528e-05,False
266,77278,0.0,415.0,3.502544295664077e-05,False
267,77279,0.0,1832.0,3.407459353646215e-05,False
268,77280,0.0,1095.0,3.5125943520904235e-05,False
269,77281,0.0,472.0,3.5675687287009605e-05,False
270,77282,0.0,365.0,5.130618621205474e-05,False
271,77283,0.0,923.0,3.9178415198660246e-05,False
272,77284,5.0,55709.0,5.5972402502240046e-05,False
273,77285,0.0,20677.0,6.163678278073504e-05,False
274,77286,0.0,231.0,2.9977812051529574e-05,True
275,77287,0.0,499.0,3.365394903906334e-05,True
276,77288,15.0,41609.0,9.233899845215979e-05,False
277,77289,0.0,351.0,3.322787461285404e-05,True
278,77290,0.0,684.0,3.3996606504000164e-05,False
279,77291,0.0,1041.0,5.242568760802788e-05,False
280,77292,0.0,1210.0,4.794326486902351e-05,False
281,77293,0.0,894.0,3.344623878940458e-05,True
282,77294,1.0,20620.0,5.681812269487382e-05,False
283,77295,0.0,1379.0,4.5811794586629626e-05,False
284,77296,0.0,17982.0,6.256908699444426e-05,False
285,77297,0.0,327.0,3.687009018132911e-05,False
286,77298,0.0,445.0,2.8589608152350002e-05,True
287,77300,0.0,601.0,3.778837561705661e-05,False
288,77301,0.0,322.0,3.295078472578816e-05,True
289,77302,0.0,1943.0,3.687947244577459e-05,False
290,77303,0.0,236.0,3.333056146491458e-05,True
291,77304,0.0,25.0,3.483736227595284e-05,False
292,77305,2.0,21888.0,4.592284100060099e-05,False
293,77306,0.0,497.0,5.0026706723306855e-05,False
294,77307,2.0,14017.0,5.367336285095743e-05,False
295,77308,0.0,728.0,4.284318513858354e-05,False
296,77309,1.0,1751.0,4.427768148994479e-05,False
297,77310,0.0,305.0,3.1164524297800855e-05,True
298,77311,0.0,1405.0,3.1897263003447806e-05,True
299,77312,0.0,2640.0,3.754821806566027e-05,False
300,77313,0.0,259.0,3.350336267219554e-05,True
301,77314,0.0,239.0,3.350172359797419e-05,True
302,77315,0.0,3740.0,4.0147972666389035e-05,False
303,77316,0.0,12507.0,3.8000404563578414e-05,False
304,77317,0.0,5104.0,3.791338556129244e-05,False
305,77318,0.0,1423.0,4.0343479958111e-05,False
306,77319,0.0,142.0,3.3233373959167186e-05,True
307,77320,0.0,5972.0,3.758584666875769e-05,False
308,77321,0.0,667.0,2.919488758362347e-05,True
309,77322,0.0,3212.0,4.771236792803563e-05,False
310,77323,0.0,1476.0,4.890534717208921e-05,False
311,77325,0.0,360.0,2.860905011063821e-05,True
312,77326,0.0,6262.0,5.802576336395462e-05,False
313,77327,0.0,8904.0,3.371051915337971e-05,True
314,77328,0.0,419.0,3.925420916580154e-05,False
315,77329,0.0,687.0,3.41051597702467e-05,False
316,77330,0.0,6549.0,4.227913779569043e-05,False
317,77331,0.0,428.0,3.5008836633011324e-05,False
318,77332,0.0,293.0,4.602052210554481e-05,False
319,77333,0.0,12966.0,3.4546534255360584e-05,False
320,77335,0.0,3595.0,4.209619635422372e-05,False
321,77336,0.0,1195.0,4.5028966039258824e-05,False
322,77337,0.0,15750.0,6.186201911560051e-05,False
323,77338,0.0,595.0,3.464240667423151e-05,False
324,77339,0.0,1829.0,4.1715436596627486e-05,False
325,77340,0.0,606.0,3.424414488008002e-05,False
326,77341,0.0,382.0,2.924811263584613e-05,True
327,77342,0.0,109.0,3.435687084484261e-05,False
328,77343,0.0,386.0,3.603403678235364e-05,False
329,77344,0.0,2448.0,4.1745201593682815e-05,False
330,77345,0.0,660.0,3.294474996210106e-05,True
331,77347,0.0,855.0,2.8321938206941426e-05,True
332,77348,0.0,237.0,3.497049052555388e-05,False
333,77349,0.0,6737.0,4.7644451196985115e-05,False
334,77350,0.0,20712.0,5.5884768521129224e-05,False
335,77352,0.0,1951.0,4.4060438219776854e-05,False
336,77353,0.0,444.0,3.389454859746816e-05,False
337,77354,0.0,951.0,3.7802736836952084e-05,False
338,77355,0.0,167.0,2.7587326099572274e-05,True
339,77356,0.0,45.0,3.0325847456902584e-05,True
340,77357,0.0,845.0,3.445650046590719e-05,False
341,77358,0.0,1340.0,4.202220736339825e-05,False
342,77359,0.0,2007.0,4.550022414141197e-05,False
343,77360,0.0,392.0,3.682244403748985e-05,False
344,77361,0.0,461.0,3.725966233969825e-05,False
345,77363,0.0,1569.0,5.5282633985695136e-05,False
346,77364,0.0,257.0,4.130243407706133e-05,False
347,77365,0.0,624.0,3.6963581758558324e-05,False
348,77366,0.0,289.0,4.069377338842171e-05,False
349,77367,0.0,279.0,3.805502006574526e-05,False
350,77368,0.0,508.0,3.3501930300762684e-05,True
351,77369,0.0,759.0,4.065765777995903e-05,False
352,77370,0.0,783.0,3.661839861652083e-05,False
353,77371,0.0,2990.0,3.652641866978965e-05,False
354,77372,0.0,4168.0,5.36759507892904e-05,False
355,77373,8.0,37579.0,7.839927255416684e-05,False
356,77374,0.0,2154.0,5.451463475760534e-05,False
357,77376,0.0,797.0,4.5371003798769394e-05,False
358,77377,0.0,2310.0,4.93008972931047e-05,False
359,77378,0.0,3254.0,5.051996449335008e-05,False
360,77379,2.0,12115.0,4.647679629784217e-05,False
361,77380,0.0,321.0,3.9578235519589894e-05,False
362,77381,0.0,661.0,3.4713152135138307e-05,False
363,77382,0.0,5443.0,4.0440785504222884e-05,False
364,77383,0.0,828.0,3.3149576636340616e-05,True
365,77384,0.0,1954.0,5.6724646948714795e-05,False
366,77385,0.0,2298.0,3.245304675906971e-05,True
367,77386,0.0,607.0,4.011244868710593e-05,False
368,77387,0.0,468.0,3.465780483785965e-05,False
369,77388,0.0,822.0,3.762859749186355e-05,False
370,77389,1.0,3820.0,6.358604564771591e-05,False
371,77390,0.0,22643.0,6.056332448057543e-05,False
372,77391,0.0,491.0,3.4351736331922956e-05,False
373,77392,0.0,916.0,4.7398116703514625e-05,False
374,77393,0.0,2826.0,3.7434148628333254e-05,False
375,77394,0.0,3095.0,5.498247866771343e-05,False
376,77395,0.0,120.0,3.6115091950526006e-05,False
377,77396,0.0,100.0,3.155641942078863e-05,True
378,77397,0.0,1859.0,3.405670580816874e-05,False
379,77398,0.0,722.0,3.241198046082575e-05,True
380,77400,0.0,1774.0,3.5877092270758636e-05,False
381,77401,0.0,671.0,3.667746830411175e-05,False
382,77402,0.0,339.0,3.3340941293344894e-05,True
383,77403,0.0,808.0,3.7176291680831016e-05,False
384,77404,0.0,1808.0,3.088150182155501e-05,True
385,77405,0.0,1955.0,3.240438141396768e-05,True
386,77406,0.0,1005.0,3.366560963009606e-05,True
387,77407,2.0,14315.0,5.550279087949378e-05,False
388,77408,0.0,425.0,3.7947139240886224e-05,False
389,77409,0.0,2769.0,3.524741031406462e-05,False
390,77410,0.0,746.0,4.832479168706929e-05,False
391,77411,0.0,560.0,3.4641552538744985e-05,False
392,77412,0.0,386.0,4.30400702166444e-05,False
393,77413,0.0,3849.0,3.890355220457806e-05,False
394,77414,0.0,489.0,3.21059422846494e-05,True
395,77415,0.0,1281.0,3.7092494632590776e-05,False
396,77416,0.0,247.0,3.315713825960061e-05,True
397,77417,0.0,254.0,3.356963922384887e-05,True
398,77418,0.0,871.0,3.101871806977726e-05,True
399,77419,0.0,3404.0,3.650640878372249e-05,False
400,77420,0.0,3846.0,4.7236926981388635e-05,False
401,77421,0.0,256.0,3.1995116799679786e-05,True
402,77423,0.0,658.0,3.25567687043256e-05,True
403,77424,0.0,274.0,3.3649458153834114e-05,True
404,77425,0.0,730.0,4.4496083950690904e-05,False
405,77426,0.0,332.0,3.921346613277547e-05,False
406,77427,0.0,608.0,4.736936284725752e-05,False
407,77428,0.0,834.0,3.6650520591578055e-05,False
408,77429,0.0,533.0,3.207160244186902e-05,True
409,77430,0.0,6238.0,4.2232674847159963e-05,False
410,77431,0.0,5408.0,3.474262651123111e-05,False
411,77432,0.0,987.0,3.355209334481637e-05,True
412,77433,0.0,1992.0,3.5817083182714005e-05,False
413,77434,0.0,366.0,2.8840546665495574e-05,True
414,77435,0.0,1102.0,4.77297597037733e-05,False
415,77436,0.0,905.0,3.371729386130343e-05,True
416,77437,0.0,3574.0,4.168829729353447e-05,False
417,77438,0.0,6304.0,5.5396827273097454e-05,False
418,77439,0.0,1170.0,3.352399055238147e-05,True
419,77440,0.0,1138.0,3.6065511762984516e-05,False
420,77441,0.0,2024.0,4.6031253543169926e-05,False
421,77442,0.0,2441.0,4.223526625295788e-05,False
422,77443,0.0,390.0,3.748720365072039e-05,False
423,77444,0.0,324.0,3.240218932668146e-05,True
424,77445,2.0,30169.0,6.357541183030585e-05,False
425,77446,0.0,598.0,3.0022901234039984e-05,True
426,77447,0.0,1835.0,5.269205923272154e-05,False
427,77448,0.0,547.0,3.6595314157544954e-05,False
428,77449,0.0,9699.0,4.745292227235311e-05,False
429,77450,0.0,3308.0,6.153198099792176e-05,False
430,77451,0.0,584.0,3.578516283375068e-05,False
431,77452,0.0,66.0,2.754620216016727e-05,True
432,77453,0.0,1136.0,4.761607014041437e-05,False
433,77454,0.0,367.0,2.9082920063379593e-05,True
434,77455,0.0,2038.0,4.80406879833065e-05,False
435,77456,0.0,823.0,3.076416327603551e-05,True
436,77457,0.0,1212.0,4.7083700608161414e-05,False
437,77458,1.0,5253.0,4.69804069311982e-05,False
438,77459,0.0,1519.0,3.380553538033895e-05,False
439,77460,0.0,338.0,3.5914350566653474e-05,False
440,77461,0.0,299.0,2.752485768119383e-05,True
441,77462,0.0,893.0,4.8377525927020725e-05,False
442,77463,0.0,3419.0,4.06464210642288e-05,False
443,77464,1.0,10427.0,5.398696295468406e-05,False
444,77465,0.0,646.0,3.2822832832964666e-05,True
445,77466,0.0,378.0,4.1120059997338186e-05,False
446,77467,0.0,203.0,3.243748029216615e-05,True
447,77468,3.0,22500.0,6.425429427808058e-05,False
448,77469,0.0,1224.0,3.636185112871938e-05,False
449,77470,3.0,8429.0,5.665122484317738e-05,False
450,77471,0.0,349.0,4.0132702682687754e-05,False
451,77472,0.0,492.0,3.319902399151652e-05,True
452,77473,0.0,404.0,3.3609837937647386e-05,True
453,77474,0.0,666.0,4.291946179221381e-05,False
454,77475,0.0,5020.0,3.961279659626172e-05,False
455,77476,0.0,230.0,3.805157082630709e-05,False
456,77477,0.0,855.0,4.06153636649054e-05,False
457,77478,0.0,1085.0,3.6682911976567396e-05,False
458,77479,0.0,13340.0,6.186364709551308e-05,False
459,77480,0.0,1056.0,3.5796585814613704e-05,False
460,77481,0.0,188.0,3.302379902320628e-05,True
461,77482,0.0,3660.0,3.830210292646043e-05,False
462,77483,0.0,2077.0,3.96918223896048e-05,False
463,77484,0.0,284.0,3.692801526507311e-05,False
464,77485,0.0,730.0,4.021531217353779e-05,False
465,77486,0.0,893.0,3.5299879451925444e-05,False
466,77487,0.0,11102.0,5.736378636411371e-05,False
467,77489,0.0,237.0,3.250540341556376e-05,True
468,77490,0.0,689.0,3.64746131006102e-05,False
469,77492,0.0,641.0,3.3711213284729216e-05,True
470,77493,0.0,3186.0,3.971777879120394e-05,False
471,77494,0.0,2630.0,3.705046720608028e-05,False
472,77495,0.0,8564.0,5.415003851322035e-05,False
473,77496,0.0,189.0,3.208156897360062e-05,True
474,77498,0.0,313.0,4.274540352186103e-05,False
475,77500,0.0,463.0,3.382585609260118e-05,False
476,77501,0.0,720.0,3.374020142508544e-05,True
477,77504,0.0,1096.0,3.3500532743107e-05,True
478,77505,0.0,381.0,3.77925398026246e-05,False
479,77506,0.0,789.0,3.396509781354593e-05,False
480,77507,0.0,424.0,3.022334971465116e-05,True
481,77508,0.0,1862.0,4.5191920197792864e-05,False
482,77509,0.0,615.0,3.128230992109009e-05,True
483,77510,0.0,1193.0,4.8069301196926365e-05,False
484,77511,0.0,645.0,4.8944167846506595e-05,False
485,77512,0.0,1128.0,3.2321086569327666e-05,True
486,77513,0.0,4982.0,4.5672561028523496e-05,False
487,77514,0.0,26700.0,5.843758417102212e-05,False
488,77515,0.0,701.0,4.299176034587705e-05,False
489,77516,0.0,845.0,3.3852383427700953e-05,False
490,77517,0.0,2135.0,5.252529104795908e-05,False
491,77518,0.0,234.0,4.9202001948456554e-05,False
492,77519,0.0,1168.0,3.2315660322930596e-05,True
493,77520,0.0,659.0,3.822809252593881e-05,False
494,77521,0.0,1928.0,4.0844018469829775e-05,False
495,77522,0.0,297.0,3.078281654743894e-05,True
496,77523,0.0,258.0,3.0536639947191187e-05,True
497,77524,0.0,522.0,2.8985190351616855e-05,True
498,77525,0.0,382.0,4.31237907648543e-05,False
499,77526,0.0,276.0,3.9283436606661425e-05,False
500,77527,0.0,583.0,3.75425091997205e-05,False
501,77528,0.0,1168.0,5.472448548602665e-05,False
502,77529,0.0,1490.0,3.950932356872846e-05,False
503,77530,0.0,310.0,3.207992529283201e-05,True
504,77531,0.0,1645.0,3.20783801068702e-05,True
505,77532,0.0,65.0,3.3384930726602814e-05,True
506,77533,0.0,2743.0,4.1073964562640885e-05,False
507,77534,0.0,949.0,4.3557631726444264e-05,False
508,78003,0.0,3509.0,4.440284709786609e-05,False
509,78005,0.0,21660.0,6.55079492559667e-05,False
510,78006,0.0,654.0,4.1201928423164934e-05,False
511,78007,0.0,1085.0,6.217703427566869e-05,False
512,78009,0.0,286.0,4.189933965509025e-05,False
513,78010,0.0,1215.0,5.246383382040568e-05,False
514,78013,0.0,482.0,4.351822326036277e-05,False
515,78015,1.0,13236.0,6.105036833135776e-05,False
516,78020,0.0,940.0,3.972836489570374e-05,False
517,78029,1.0,12082.0,5.122979126334706e-05,False
518,78030,0.0,1970.0,4.7985825101419875e-05,False
519,78031,0.0,650.0,4.2512093257691746e-05,False
520,78033,0.0,1143.0,4.484226640501615e-05,False
521,78034,0.0,976.0,4.209570345091603e-05,False
522,78036,0.0,612.0,4.0496015578062054e-05,False
523,78043,0.0,3692.0,7.604628142483225e-05,False
524,78048,0.0,1460.0,4.0900548192145904e-05,False
525,78049,0.0,1682.0,4.8685314548514926e-05,False
526,78050,0.0,650.0,4.808478588036988e-05,False
527,78053,0.0,488.0,4.01605065707315e-05,False
528,78057,0.0,1882.0,3.879742185738342e-05,False
529,78062,0.0,7585.0,4.767645033721249e-05,False
530,78068,0.0,892.0,4.2507368405831095e-05,False
531,78070,0.0,287.0,4.1433498590368476e-05,False
532,78071,0.0,607.0,4.245222520691701e-05,False
533,78072,0.0,250.0,3.8461061467067117e-05,False
534,78073,2.0,15028.0,6.966856002108583e-05,False
535,78076,0.0,280.0,3.853366960781708e-05,False
536,78077,0.0,756.0,4.106888043385005e-05,False
537,78082,0.0,625.0,3.949810522369779e-05,False
538,78084,0.0,640.0,4.302481456454416e-05,False
539,78087,0.0,2095.0,4.755961030067688e-05,False
540,78089,0.0,4882.0,3.914657090967091e-05,False
541,78090,0.0,2204.0,5.196679565957693e-05,False
542,78092,0.0,8983.0,8.62657191040186e-05,False
543,78096,0.0,502.0,4.084838685987487e-05,False
544,78104,0.0,754.0,4.1418867048237e-05,False
545,78107,0.0,1901.0,3.947748815191714e-05,False
546,78108,0.0,1305.0,4.603892314890286e-05,False
547,78113,0.0,698.0,4.348360999588652e-05,False
548,78117,0.0,5972.0,7.556861207375505e-05,False
549,78118,0.0,3315.0,4.5592555819436056e-05,False
550,78120,0.0,1915.0,4.4913745746733336e-05,False
551,78123,0.0,17417.0,6.389940107356782e-05,False
552,78124,0.0,15115.0,8.10138495262114e-05,False
553,78125,0.0,831.0,4.561301844757786e-05,False
554,78126,1.0,20496.0,9.26448002267314e-05,False
555,78128,0.0,1546.0,4.769921078543702e-05,False
556,78133,0.0,5646.0,6.776578310787156e-05,False
557,78138,0.0,10730.0,5.780118961412689e-05,False
558,78140,0.0,1336.0,5.424145208872004e-05,False
559,78143,0.0,1467.0,6.141414468062153e-05,False
560,78146,2.0,29709.0,8.704124917337616e-05,False
561,78147,0.0,478.0,4.10014297956536e-05,False
562,78152,0.0,1743.0,5.948725841970378e-05,False
563,78158,32.0,31057.0,0.00012944233395590434,False
564,78160,0.0,5572.0,5.15499894003618e-05,False
565,78162,0.0,540.0,4.893535855852909e-05,False
566,78163,0.0,344.0,3.741223822604614e-05,False
567,78164,0.0,829.0,4.6241136305773566e-05,False
568,78165,1.0,17378.0,6.240627696574847e-05,False
569,78168,0.0,4375.0,5.379074976029553e-05,False
570,78171,0.0,1255.0,4.063755054566292e-05,False
571,78172,2.0,35957.0,6.46909747748994e-05,False
572,78185,0.0,366.0,3.7718442430576496e-05,False
573,78188,0.0,410.0,3.997506096163647e-05,False
574,78189,0.0,1700.0,5.228515898239964e-05,False
575,78190,0.0,10324.0,8.347865069504697e-05,False
576,78192,0.0,1381.0,3.9841048540855404e-05,False
577,78193,0.0,1012.0,4.8740528152969416e-05,False
578,78194,0.0,217.0,4.2100750574838576e-05,False
579,78196,0.0,286.0,5.5931066848314214e-05,False
580,78202,0.0,561.0,3.979200403984383e-05,False
581,78206,0.0,4124.0,5.3209795582544056e-05,False
582,78208,1.0,25857.0,5.80216254739993e-05,False
583,78209,0.0,890.0,4.417112414406549e-05,False
584,78217,0.0,6625.0,4.7221476875105926e-05,False
585,78220,0.0,6737.0,4.969976583571921e-05,False
586,78224,0.0,4430.0,7.186722008804797e-05,False
587,78227,18.0,782.0,0.00011150287472195275,False
588,78230,0.0,617.0,4.341194181228499e-05,False
589,78231,0.0,154.0,4.1332730816867306e-05,False
590,78233,0.0,3001.0,5.7997000974637526e-05,False
591,78234,0.0,186.0,3.8935021379366016e-05,False
592,78236,0.0,579.0,3.9348252469928125e-05,False
593,78237,0.0,155.0,3.961319491156063e-05,False
594,78238,0.0,2439.0,5.096112503337495e-05,False
595,78239,0.0,2167.0,4.248787730366162e-05,False
596,78242,0.0,13518.0,6.774980109395451e-05,False
597,78245,0.0,401.0,4.063615767887495e-05,False
598,78246,0.0,950.0,4.2687630199305365e-05,False
599,78255,0.0,4262.0,4.0002860196665e-05,False
600,78261,0.0,670.0,5.3707984623771526e-05,False
601,78262,0.0,1246.0,4.409332327900011e-05,False
602,78263,0.0,2469.0,4.173074538132386e-05,False
603,78264,0.0,60.0,4.3485611513201704e-05,False
604,78265,0.0,2447.0,4.112911703681609e-05,False
605,78267,0.0,7878.0,4.633508008883784e-05,False
606,78269,0.0,1295.0,4.756047443697856e-05,False
607,78276,0.0,656.0,3.861121015600143e-05,False
608,78278,0.0,530.0,3.912617276249571e-05,False
609,78281,0.0,628.0,4.123169502871667e-05,False
610,78283,0.0,293.0,4.0182493551821126e-05,False
611,78285,0.0,542.0,3.911967880541863e-05,False
612,78289,0.0,892.0,4.3751163253205064e-05,False
613,78290,0.0,1075.0,4.421044652949472e-05,False
614,78291,0.0,2157.0,4.165157466757361e-05,False
615,78296,0.0,626.0,4.4811287298239705e-05,False
616,78297,1.0,29269.0,6.563658424743558e-05,False
617,78299,0.0,2488.0,5.425532074113518e-05,False
618,78300,0.0,444.0,3.9238101617843364e-05,False
619,78302,0.0,164.0,4.0178844009137753e-05,False
620,78305,0.0,242.0,4.896524962852834e-05,False
621,78307,0.0,942.0,4.2977217801265865e-05,False
622,78310,0.0,3690.0,4.1357465464809854e-05,False
623,78311,4.0,33250.0,8.849253919319205e-05,False
624,78314,0.0,3913.0,4.5837298499695016e-05,False
625,78317,0.0,787.0,4.5869858964800584e-05,False
626,78320,0.0,704.0,4.035299631021188e-05,False
627,78321,3.0,5803.0,5.960776204321076e-05,False
628,78322,0.0,7983.0,7.559709023231067e-05,False
629,78324,0.0,559.0,4.174505861657571e-05,False
630,78325,0.0,607.0,4.2004055946845335e-05,False
631,78327,0.0,3912.0,4.733734500113745e-05,False
632,78329,0.0,786.0,4.405422861768754e-05,False
633,78334,0.0,1604.0,5.125537443571759e-05,False
634,78335,0.0,17112.0,4.761113541928946e-05,False
635,78337,0.0,1972.0,4.0074037830999505e-05,False
636,78343,0.0,1661.0,7.317864316650991e-05,False
637,78344,0.0,652.0,3.9059814346857654e-05,False
638,78346,2.0,1529.0,5.0513397578119185e-05,False
639,78349,0.0,505.0,4.458771993726865e-05,False
640,78350,0.0,7342.0,8.202132336914718e-05,False
641,78354,0.0,6138.0,4.465864184994975e-05,False
642,78356,0.0,9417.0,5.87681597648666e-05,False
643,78358,3.0,23204.0,8.019198869778661e-05,False
644,78361,4.0,43945.0,6.046542400747115e-05,False
645,78362,3.0,20844.0,5.902403275409717e-05,False
646,78364,0.0,768.0,4.2437322040916524e-05,False
647,78366,0.0,397.0,4.694814862815132e-05,False
648,78367,0.0,3669.0,7.451865013792241e-05,False
649,78368,0.0,1705.0,4.6427274423219894e-05,False
650,78372,2.0,16352.0,8.11647348980377e-05,False
651,78380,0.0,5949.0,4.587835097066646e-05,False
652,78381,0.0,1033.0,4.120959231812442e-05,False
653,78382,0.0,4384.0,5.969508141194812e-05,False
654,78383,0.0,18046.0,5.547946244582118e-05,False
655,78384,0.0,1332.0,5.717662738178788e-05,False
656,78385,0.0,214.0,3.994991339109351e-05,False
657,78389,0.0,1658.0,4.41318131030893e-05,False
658,78391,0.0,380.0,3.942523973821625e-05,False
659,78396,0.0,6304.0,7.363193919566169e-05,False
660,78397,0.0,6831.0,5.4384246989252204e-05,False
661,78398,0.0,876.0,4.701985857716109e-05,False
662,78401,0.0,9080.0,5.54404724493379e-05,False
663,78402,1.0,3776.0,4.942973671329191e-05,False
664,78403,0.0,2292.0,5.233146529411478e-05,False
665,78404,0.0,280.0,4.186501510755862e-05,False
666,78406,0.0,283.0,5.383114998975864e-05,False
667,78407,0.0,632.0,4.167745036156881e-05,False
668,78410,0.0,959.0,4.217264954277257e-05,False
669,78413,0.0,407.0,4.2122676135366494e-05,False
670,78415,0.0,502.0,4.6063851083022114e-05,False
671,78416,0.0,318.0,4.4829891403471606e-05,False
672,78417,0.0,306.0,3.767118030602268e-05,False
673,78418,2.0,14811.0,8.269899825453632e-05,False
674,78420,0.0,2903.0,4.4390408895949645e-05,False
675,78423,1.0,31854.0,6.609937779813981e-05,False
676,78431,0.0,3069.0,5.509449456669845e-05,False
677,78437,0.0,677.0,4.018243819786566e-05,False
678,78439,0.0,108.0,3.746614764748703e-05,False
679,78440,0.0,33543.0,5.405122654179407e-05,False
680,78442,0.0,3384.0,5.44323347290142e-05,False
681,78443,0.0,910.0,4.9130596317875225e-05,False
682,78444,0.0,839.0,3.9902729281445324e-05,False
683,78451,0.0,1054.0,4.3866243308677564e-05,False
684,78455,0.0,7692.0,6.995533828104181e-05,False
685,78460,0.0,1078.0,4.7473838203759715e-05,False
686,78464,0.0,1007.0,4.5123393903658086e-05,False
687,78465,0.0,2467.0,3.894640782794858e-05,False
688,78466,0.0,6849.0,5.762979090258285e-05,False
689,78470,0.0,882.0,4.515658954449122e-05,False
690,78472,0.0,328.0,4.302080473028273e-05,False
691,78474,0.0,938.0,3.680838455948603e-05,False
692,78475,0.0,400.0,3.878753602195978e-05,False
693,78478,0.0,224.0,4.186665553817785e-05,False
694,78481,1.0,15792.0,8.18363660784774e-05,False
695,78484,0.0,652.0,4.009854370426912e-05,False
696,78486,0.0,6571.0,4.905019633926791e-05,False
697,78490,0.0,30897.0,5.6149185479777825e-05,False
698,78497,0.0,909.0,4.520005921759163e-05,False
699,78498,5.0,39731.0,7.180864112850788e-05,False
700,78499,0.0,685.0,4.457004371140605e-05,False
701,78501,0.0,3155.0,4.700558740343042e-05,False
702,78502,6.0,5454.0,8.64841021346918e-05,False
703,78505,0.0,412.0,3.894165755297163e-05,False
704,78506,0.0,861.0,4.461547089515281e-05,False
705,78513,0.0,2346.0,4.272929846374912e-05,False
706,78516,0.0,991.0,4.284409272364469e-05,False
707,78517,4.0,27043.0,6.491027873585565e-05,False
708,78518,0.0,112.0,6.744867837618815e-05,False
709,78520,0.0,1565.0,3.945806524587517e-05,False
710,78522,0.0,894.0,4.374588272747393e-05,False
711,78528,0.0,367.0,4.093827145738854e-05,False
712,78530,0.0,377.0,3.772093987115216e-05,False
713,78531,0.0,6906.0,4.200087815251606e-05,False
714,78536,0.0,348.0,4.265696773618984e-05,False
715,78537,0.0,5791.0,4.552878098326438e-05,False
716,78545,1.0,20611.0,7.25164384016309e-05,False
717,78548,0.0,450.0,4.951811622351342e-05,False
718,78550,0.0,1847.0,5.1309209291527786e-05,False
719,78551,7.0,44410.0,8.5166220547713e-05,False
720,78557,0.0,966.0,4.588679967878039e-05,False
721,78558,0.0,378.0,4.016850609705743e-05,False
722,78559,0.0,425.0,4.035235344686257e-05,False
723,78561,0.0,444.0,5.607281460921742e-05,False
724,78562,0.0,1402.0,4.40028852015688e-05,False
725,78564,0.0,680.0,4.3769282676994714e-05,False
726,78565,0.0,303.0,3.8586872069572594e-05,False
727,78567,0.0,929.0,4.237511528815685e-05,False
728,78569,0.0,912.0,4.4639443407847505e-05,False
729,78571,0.0,4892.0,6.385459048606552e-05,False
730,78575,0.0,7750.0,5.430988360890862e-05,False
731,78576,0.0,1647.0,4.888031874233405e-05,False
732,78586,3.0,51746.0,8.202501845960566e-05,False
733,78588,0.0,961.0,4.4615103767962626e-05,False
734,78590,0.0,503.0,4.810931213628499e-05,False
735,78591,0.0,2310.0,3.7529204796617964e-05,False
736,78597,0.0,698.0,4.165536564103451e-05,False
737,78601,0.0,1580.0,4.5223947372520294e-05,False
738,78605,0.0,1092.0,3.8318296814123364e-05,False
739,78606,0.0,36.0,4.055922921939962e-05,False
740,78608,0.0,121.0,4.2042002007347124e-05,False
741,78609,0.0,1024.0,5.818642078868747e-05,False
742,78615,0.0,1198.0,5.178116627434219e-05,False
743,78616,0.0,1428.0,3.999801649306163e-05,False
744,78618,0.0,509.0,3.874194638612641e-05,False
745,78620,0.0,1164.0,6.366155807741177e-05,False
746,78621,5.0,33419.0,7.328305150042783e-05,False
747,78623,0.0,956.0,4.877694459681337e-05,False
748,78624,1.0,12360.0,6.184381479659262e-05,False
749,78638,0.0,5020.0,7.431503126446588e-05,False
750,78640,1.0,22836.0,8.17143511520405e-05,False
751,78642,0.0,15959.0,5.373059485435999e-05,False
752,78643,0.0,10266.0,5.380164389634162e-05,False
753,78644,0.0,6222.0,5.6833492657828035e-05,False
754,78646,14.0,83583.0,0.0001035840389196519,False
755,78647,0.0,851.0,3.9696053843899656e-05,False
756,78650,1.0,15619.0,8.35405980737336e-05,False
757,78653,0.0,366.0,4.4398676567379856e-05,False
758,78655,0.0,622.0,4.846050191764783e-05,False
759,78668,0.0,658.0,3.986984181480705e-05,False
760,78672,0.0,5476.0,5.866038710205998e-05,False
761,78674,1.0,11044.0,6.49352661115153e-05,False
762,78677,0.0,526.0,3.865981692960565e-05,False
763,78681,0.0,840.0,3.904532253864529e-05,False
764,78683,1.0,2895.0,5.312029406937938e-05,False
765,78686,0.0,16744.0,8.66971190488546e-05,False
766,78688,0.0,10722.0,6.192288170942278e-05,False
767,91001,0.0,328.0,3.8832268509506774e-05,False
768,91016,0.0,4374.0,4.124065593045061e-05,False
769,91017,0.0,1725.0,4.711309188815982e-05,False
770,91021,4.0,11165.0,6.078687296127217e-05,False
771,91022,0.0,126.0,3.850603735269476e-05,False
772,91027,3.0,35641.0,7.699514560175426e-05,False
773,91035,0.0,373.0,4.027513596321174e-05,False
774,91037,0.0,325.0,5.02357082969532e-05,False
775,91038,0.0,1272.0,4.562207819207229e-05,False
776,91041,0.0,1017.0,4.945475437557819e-05,False
777,91044,0.0,4666.0,7.138603585798792e-05,False
778,91045,0.0,7706.0,4.663558110995634e-05,False
779,91047,0.0,1363.0,4.274890107156507e-05,False
780,91064,1.0,4796.0,8.407318674438965e-05,False
781,91067,0.0,115.0,3.9860828369226106e-05,False
782,91069,0.0,390.0,3.883191826017676e-05,False
783,91075,0.0,81.0,4.038333176170969e-05,False
784,91079,0.0,500.0,4.204780181072049e-05,False
785,91080,0.0,1367.0,4.30476421068524e-05,False
786,91081,0.0,692.0,4.3245125270470216e-05,False
787,91085,0.0,3806.0,4.778304391614935e-05,False
788,91086,0.0,10326.0,5.837020471402597e-05,False
789,91093,0.0,647.0,5.1038083526361115e-05,False
790,91095,0.0,2095.0,4.6018464990943074e-05,False
791,91097,0.0,7980.0,7.318384492812709e-05,False
792,91098,0.0,430.0,4.19813860944382e-05,False
793,91099,0.0,2952.0,4.131891691175589e-05,False
794,91100,0.0,650.0,4.1581496922771344e-05,False
795,91103,1.0,27006.0,6.0575541231719526e-05,False
796,91105,0.0,8759.0,4.57706470651273e-05,False
797,91106,0.0,1280.0,4.5921241008078853e-05,False
798,91109,0.0,1282.0,4.648903384968716e-05,False
799,91111,1.0,3394.0,5.164666309174523e-05,False
800,91112,0.0,125.0,3.9743783377448755e-05,False
801,91114,2.0,25344.0,7.302922496979612e-05,False
802,91115,0.0,3594.0,5.039055341145704e-05,False
803,91121,0.0,464.0,3.792631391729831e-05,False
804,91122,0.0,9240.0,6.273005945640763e-05,False
805,91129,0.0,3346.0,4.2025025694255444e-05,False
806,91130,0.0,1020.0,4.235762354274749e-05,False
807,91131,0.0,390.0,3.885677123813315e-05,False
808,91132,0.0,1134.0,4.637821065787687e-05,False
809,91135,0.0,2880.0,4.64946677240857e-05,False
810,91136,0.0,2771.0,8.515914710420902e-05,False
811,91137,0.0,367.0,3.817555562738996e-05,False
812,91145,0.0,72.0,4.131576811822725e-05,False
813,91148,0.0,140.0,4.487992638433371e-05,False
814,91156,0.0,2227.0,4.9722822269653106e-05,False
815,91159,0.0,1569.0,4.757214430798876e-05,False
816,91161,1.0,19943.0,8.027322751586287e-05,False
817,91174,4.0,52340.0,6.762995013604094e-05,False
818,91175,0.0,1712.0,4.403597377841847e-05,False
819,91179,0.0,4828.0,5.5530527323472166e-05,False
820,91180,0.0,332.0,4.385766558986731e-05,False
821,91184,0.0,277.0,4.009541491533184e-05,False
822,91186,0.0,583.0,4.9560247652022634e-05,False
823,91191,2.0,9458.0,7.712219613952115e-05,False
824,91195,0.0,833.0,4.309509601474593e-05,False
825,91198,0.0,1509.0,4.086457917279823e-05,False
826,91200,2.0,10733.0,5.235627242524588e-05,False
827,91201,0.0,28595.0,6.804859439567245e-05,False
828,91204,0.0,768.0,5.33872028231662e-05,False
829,91207,0.0,6539.0,5.169120795144808e-05,False
830,91215,0.0,12197.0,7.255451097274994e-05,False
831,91216,1.0,11102.0,7.050881937775293e-05,False
832,91223,5.0,26251.0,6.567890775597658e-05,False
833,91225,0.0,3114.0,6.505551372289847e-05,False
834,91226,0.0,6806.0,4.590788847572778e-05,False
835,91228,7.0,66106.0,7.501507063427909e-05,False
836,91232,0.0,3656.0,4.151070559779585e-05,False
837,91235,0.0,13708.0,6.222891275837356e-05,False
838,91240,0.0,179.0,3.787220460419801e-05,False
839,91243,0.0,2281.0,5.3407134931583964e-05,False
840,91244,0.0,1565.0,4.89933577205828e-05,False
841,91247,0.0,510.0,4.283429075122907e-05,False
842,91248,0.0,163.0,4.093969302999244e-05,False
843,91249,0.0,3973.0,4.989308397933984e-05,False
844,91272,0.0,21439.0,6.118528574749446e-05,False
845,91273,0.0,763.0,3.7703368066335936e-05,False
846,91274,0.0,1511.0,5.427868422278601e-05,False
847,91275,0.0,2618.0,5.724659491499117e-05,False
848,91284,0.0,1184.0,4.43842437331079e-05,False
849,91286,1.0,27571.0,6.766915423402581e-05,False
850,91292,0.0,871.0,5.0064811064906345e-05,False
851,91293,0.0,893.0,4.2004962254503224e-05,False
852,91294,0.0,813.0,4.1498550595114594e-05,False
853,91312,0.0,10157.0,8.417395809021924e-05,False
854,91315,0.0,6638.0,4.535394429849076e-05,False
855,91318,0.0,1964.0,4.5206151883272805e-05,False
856,91319,0.0,638.0,5.484656342549166e-05,False
857,91326,2.0,17656.0,7.48920295477557e-05,False
858,91330,0.0,5462.0,4.603670956697719e-05,False
859,91332,0.0,1557.0,4.992670959720924e-05,False
860,91333,0.0,4350.0,5.821157583702551e-05,False
861,91338,0.0,6460.0,5.0566994045390045e-05,False
862,91339,0.0,6864.0,5.92226798614259e-05,False
863,91340,0.0,7302.0,5.8284061045864123e-05,False
864,91345,3.0,21105.0,7.869593453618503e-05,False
865,91347,0.0,6378.0,6.215912538593145e-05,False
866,91359,0.0,2809.0,3.904475706750537e-05,False
867,91363,0.0,8262.0,5.90572655170005e-05,False
868,91374,0.0,239.0,4.096572868396035e-05,False
869,91376,0.0,5607.0,4.902328754889103e-05,False
870,91377,51.0,50506.0,0.00015548799641119105,False
871,91378,0.0,331.0,4.694720209927815e-05,False
872,91386,0.0,15669.0,5.0501568947143565e-05,False
873,91390,0.0,3307.0,4.121962452873135e-05,False
874,91393,0.0,630.0,3.961986421225982e-05,False
875,91399,0.0,214.0,3.9268842199361016e-05,False
876,91405,2.0,4620.0,5.160345308513975e-05,False
877,91408,0.0,1252.0,4.473025471500293e-05,False
878,91411,0.0,1856.0,5.2154977261867285e-05,False
879,91412,0.0,733.0,4.396318982473206e-05,False
880,91414,0.0,378.0,4.174114881480593e-05,False
881,91421,1.0,23943.0,7.546820246930249e-05,False
882,91425,0.0,8561.0,5.979910139030306e-05,False
883,91432,0.0,13131.0,7.6356337648222e-05,False
884,91433,0.0,4376.0,4.8611666624264435e-05,False
885,91434,1.0,20149.0,6.755881364160272e-05,False
886,91435,0.0,561.0,5.6516960203698e-05,False
887,91441,0.0,517.0,4.809247424059832e-05,False
888,91457,0.0,4316.0,5.815606398499651e-05,False
889,91458,0.0,4490.0,6.091427116912184e-05,False
890,91461,0.0,4803.0,5.2558209540035904e-05,False
891,91463,0.0,1040.0,4.32068760791321e-05,False
892,91468,0.0,2200.0,5.386889036841021e-05,False
893,91469,0.0,909.0,4.647605171933851e-05,False
894,91471,2.0,15554.0,6.996489510519096e-05,False
895,91473,0.0,155.0,4.151397097494322e-05,False
896,91477,6.0,34750.0,9.653735245898782e-05,False
897,91479,0.0,7823.0,7.562155550592643e-05,False
898,91482,0.0,547.0,4.946036936021978e-05,False
899,91494,0.0,4114.0,5.5971028695343075e-05,False
900,91495,0.0,331.0,3.945208560313045e-05,False
901,91507,0.0,287.0,3.7447120241221936e-05,False
902,91508,0.0,259.0,4.095075710444607e-05,False
903,91511,0.0,2120.0,3.9279434078646455e-05,False
904,91514,20.0,9463.0,0.00011144788195345328,False
905,91519,0.0,391.0,4.207084950700479e-05,False
906,91521,1.0,29643.0,6.802042253058474e-05,False
907,91525,0.0,1313.0,4.445537140016012e-05,False
908,91526,0.0,106.0,3.940505721626299e-05,False
909,91533,0.0,1854.0,4.119065796391954e-05,False
910,91534,0.0,4261.0,6.666444035090625e-05,False
911,91538,0.0,691.0,6.387370899005604e-05,False
912,91540,0.0,5264.0,4.595178872182042e-05,False
913,91544,0.0,506.0,3.808562148143262e-05,False
914,91546,0.0,941.0,4.431064452740096e-05,False
915,91547,0.0,478.0,4.02474873790821e-05,False
916,91549,0.0,35879.0,6.289679297497845e-05,False
917,91552,0.0,11068.0,5.686375459183429e-05,False
918,91553,0.0,7474.0,6.627002704614264e-05,False
919,91556,0.0,408.0,4.2733975125895347e-05,False
920,91560,0.0,482.0,6.174141367394313e-05,False
921,91568,0.0,1540.0,4.762027546175263e-05,False
922,91570,3.0,21298.0,6.548972597777384e-05,False
923,91573,0.0,11514.0,6.252944299631248e-05,False
924,91577,0.0,5835.0,6.053451029930552e-05,False
925,91578,0.0,268.0,4.508604042470187e-05,False
926,91579,0.0,3029.0,4.691565616380799e-05,False
927,91581,0.0,907.0,4.5801626501643855e-05,False
928,91587,0.0,6593.0,7.070804140604182e-05,False
929,91589,2.0,37190.0,7.304592834523755e-05,False
930,91593,0.0,1605.0,4.5102390825076684e-05,False
931,91599,0.0,1245.0,4.524892360349874e-05,False
932,91600,1.0,7218.0,6.586823358244936e-05,False
933,91602,0.0,445.0,4.472147141373109e-05,False
934,91613,0.0,215.0,3.886792763401645e-05,False
935,91617,0.0,4380.0,6.945813198075662e-05,False
936,91619,0.0,273.0,4.787905486049132e-05,False
937,91629,0.0,620.0,3.895333312975862e-05,False
938,91630,0.0,1498.0,4.3070109107643255e-05,False
939,91631,0.0,2302.0,7.5467133920449e-05,False
940,91634,0.0,1389.0,4.942155294067431e-05,False
941,91635,0.0,2054.0,7.954793694999383e-05,False
942,91639,0.0,962.0,4.020145979738606e-05,False
943,91645,1.0,14602.0,0.00010774196909194795,False
944,91648,0.0,2260.0,5.236784093580659e-05,False
945,91649,0.0,2782.0,4.907466620762682e-05,False
946,91654,0.0,590.0,4.3307634076949946e-05,False
947,91657,1.0,31495.0,7.064739026196789e-05,False
948,91659,0.0,5469.0,5.7248355936458995e-05,False
949,91661,0.0,10406.0,7.493848705725052e-05,False
950,91662,0.0,747.0,4.428256796906764e-05,False
951,91665,0.0,8021.0,6.468007484645241e-05,False
952,91666,0.0,2446.0,6.708154469526044e-05,False
953,91667,0.0,7014.0,6.658123766754944e-05,False
954,91671,0.0,598.0,4.440467723896289e-05,False
955,91679,0.0,1155.0,6.371890994380634e-05,False
956,91685,1.0,4592.0,6.5926050757597e-05,False
957,91687,1.0,31098.0,6.894685983194983e-05,False
958,91689,0.0,7063.0,8.505839095682584e-05,False
959,91691,3.0,29097.0,7.591737789332381e-05,False
960,91692,1.0,25165.0,6.439316278415327e-05,False
961,92002,20.0,62906.0,0.00011620001940582384,False
962,92004,3.0,88004.0,9.874618157932463e-05,False
963,92007,2.0,41967.0,9.381643009299931e-05,False
964,92009,0.0,29555.0,9.663900922460644e-05,False
965,92012,12.0,120911.0,0.00010726833333692373,False
966,92014,2.0,20974.0,9.303435825094877e-05,False
967,92019,0.0,34383.0,9.353088728244216e-05,False
968,92020,3.0,36392.0,9.480489548958653e-05,False
969,92022,2.0,20524.0,8.866360799677362e-05,False
970,92023,5.0,53179.0,9.506271439366474e-05,False
971,92024,2.0,62933.0,0.00010313261413493316,False
972,92025,3.0,86775.0,9.765629088216043e-05,False
973,92026,6.0,82074.0,0.00011552349314818849,False
974,92032,1.0,25174.0,9.34586014094185e-05,False
975,92033,0.0,17557.0,9.043656731231645e-05,False
976,92035,4.0,29624.0,0.00010891883095818852,False
977,92036,2.0,49880.0,9.31738966289755e-05,False
978,92040,5.0,67937.0,0.00010045403412098628,False
979,92044,4.0,67258.0,0.00011822843726427056,False
980,92046,1.0,31230.0,9.570529624697763e-05,False
981,92047,0.0,1756.0,8.680354451106267e-05,False
982,92048,6.0,45825.0,9.696146346215449e-05,False
983,92049,3.0,47907.0,0.00010005425439251075,False
984,92050,6.0,95782.0,0.00010057248888049403,False
985,92051,71.0,59388.0,0.00016601269719931266,False
986,92060,1.0,29562.0,9.009730235903851e-05,False
987,92062,2.0,44009.0,0.00011049976205690522,False
988,92063,6.0,78265.0,9.780835372603435e-05,False
989,92064,9.0,29560.0,0.00010402128634307509,False
990,92071,3.0,20359.0,9.330018883828083e-05,False
991,92072,1.0,23108.0,9.32247674867254e-05,False
992,92073,3.0,49482.0,0.00010356173846697397,False
993,92075,2.0,27871.0,9.668247211141086e-05,False
994,92076,0.0,8627.0,9.001564960071339e-05,False
995,92077,1.0,10883.0,8.995051350357572e-05,False
996,92078,1.0,24592.0,8.790979273648652e-05,False
997,93001,12.0,89401.0,0.00010703010663442199,False
998,93005,9.0,86485.0,8.294958415229452e-05,False
999,93006,2.0,38470.0,8.688382745875313e-05,False
1000,93007,5.0,57989.0,8.210895752578782e-05,False
1001,93008,0.0,54906.0,8.009852566403826e-05,False
1002,93010,4.0,53342.0,7.96537573135468e-05,False
1003,93013,1.0,15660.0,8.655541130259429e-05,False
1004,93014,0.0,29568.0,6.890267022048733e-05,False
1005,93015,0.0,4975.0,6.479268132798265e-05,False
1006,93027,1.0,46828.0,0.00010109306622297585,False
1007,93029,3.0,71276.0,8.269672312727665e-05,False
1008,93030,0.0,11200.0,8.195509406734923e-05,False
1009,93031,0.0,54419.0,8.309889079967882e-05,False
1010,93032,0.0,39588.0,7.10119270446672e-05,False
1011,93033,0.0,6814.0,6.971383840186485e-05,False
1012,93039,0.0,8646.0,8.940346811203657e-05,False
1013,93045,3.0,23276.0,8.544927856891392e-05,False
1014,93046,3.0,45618.0,7.300176942862944e-05,False
1015,93047,3.0,28006.0,6.929268261213916e-05,False
1016,93048,7.0,111367.0,8.934343331502555e-05,False
1017,93049,1.0,20934.0,7.91020986555018e-05,False
1018,93050,0.0,36535.0,7.558924424799094e-05,False
1019,93051,5.0,68930.0,7.733485419477541e-05,False
1020,93053,2.0,45043.0,8.147110932704958e-05,False
1021,93055,2.0,60419.0,9.653077757178224e-05,False
1022,93057,0.0,23904.0,7.305902367866135e-05,False
1023,93059,1.0,31344.0,8.41199334248486e-05,False
1024,93061,0.0,17290.0,9.379074340051334e-05,False
1025,93062,1.0,14753.0,7.241971771591162e-05,False
1026,93063,0.0,31469.0,8.150312352313663e-05,False
1027,93064,2.0,45442.0,7.953143042583771e-05,False
1028,93066,52.0,113116.0,0.0001309244777689947,False
1029,93070,2.0,51547.0,0.00010548236834504819,False
1030,93071,2.0,51778.0,7.311976990103507e-05,False
1031,93072,2.0,39193.0,8.918887887837173e-05,False
1032,93073,3.0,36477.0,6.752327143481508e-05,False
1033,93074,0.0,7194.0,6.50804817724756e-05,False
1034,93077,3.0,30583.0,7.550326909928864e-05,False
1035,93078,0.0,38204.0,6.600742581043758e-05,False
1036,93079,0.0,13433.0,8.33789847811886e-05,False
1037,94001,0.0,5906.0,7.503842127447317e-05,False
1038,94002,2.0,45151.0,8.80841818821889e-05,False
1039,94003,0.0,21840.0,8.723274158076921e-05,False
1040,94004,0.0,17286.0,7.101806957097488e-05,False
1041,94011,0.0,18424.0,7.873470860948216e-05,False
1042,94015,3.0,17592.0,8.507708960836234e-05,False
1043,94016,1.0,30214.0,8.936169130087481e-05,False
1044,94017,15.0,77439.0,9.840063833507602e-05,False
1045,94018,7.0,29632.0,9.332539682955952e-05,False
1046,94019,0.0,18011.0,7.758007805085748e-05,False
1047,94021,1.0,20372.0,8.460820187510142e-05,False
1048,94022,1.0,46229.0,8.255929305465619e-05,False
1049,94028,3.0,92566.0,8.199548774141574e-05,False
1050,94033,4.0,51386.0,8.689199788020036e-05,False
1051,94034,1.0,28556.0,9.157304200380698e-05,False
1052,94037,2.0,18813.0,8.985605912751459e-05,False
1053,94038,1.0,31647.0,8.623671024632342e-05,False
1054,94041,2.0,64016.0,9.431784044752463e-05,False
1055,94042,1.0,19128.0,9.073608341753776e-05,False
1056,94043,2.0,24513.0,9.103161794744235e-05,False
1057,94044,2.0,28290.0,7.627160272096317e-05,False
1058,94046,2.0,57639.0,8.731819861807333e-05,False
1059,94047,0.0,4788.0,6.778514371841785e-05,False
1060,94048,0.0,4737.0,6.772676643799745e-05,False
1061,94052,9.0,33578.0,9.356210336261513e-05,False
1062,94053,0.0,4602.0,6.935450612196976e-05,False
1063,94054,1.0,24361.0,7.816716788520299e-05,False
1064,94055,0.0,10528.0,7.356264526096067e-05,False
1065,94056,0.0,2707.0,6.803852842397273e-05,False
1066,94058,3.0,33697.0,8.713562204615345e-05,False
1067,94059,2.0,19651.0,7.613711642062506e-05,False
1068,94060,0.0,12148.0,7.133819843069612e-05,False
1069,94065,0.0,5625.0,8.051267182793152e-05,False
1070,94067,2.0,21991.0,9.318660593236437e-05,False
1071,94068,13.0,74520.0,9.872949002788327e-05,False
1072,94069,0.0,14560.0,9.23734817201177e-05,False
1073,94070,1.0,3994.0,6.688115859572729e-05,False
1074,94071,3.0,27040.0,7.548518322425589e-05,False
1075,94073,2.0,30788.0,8.3509568507647e-05,False
1076,94074,0.0,14538.0,7.467109345882952e-05,False
1077,94075,3.0,11846.0,7.40891551597684e-05,False
1078,94076,4.0,56349.0,9.005540614652843e-05,False
1079,94077,1.0,21411.0,7.699070293097851e-05,False
1080,94078,4.0,34845.0,7.963933709747652e-05,False
1081,94079,2.0,29672.0,7.988811369066198e-05,False
1082,94080,5.0,49697.0,9.624508685468657e-05,False
1083,94081,8.0,95649.0,9.26869193265967e-05,False
1084,95002,0.0,1105.0,4.6364943500461175e-05,False
1085,95008,0.0,879.0,4.102184242747511e-05,False
1086,95011,0.0,394.0,4.046455557529802e-05,False
1087,95012,0.0,206.0,3.934054856725809e-05,False
1088,95014,0.0,2703.0,6.638321272983024e-05,False
1089,95018,3.0,108567.0,8.38891158807952e-05,False
1090,95019,2.0,14364.0,7.552427976759908e-05,False
1091,95023,0.0,630.0,4.770119128176218e-05,False
1092,95024,0.0,271.0,4.0798703867447276e-05,False
1093,95026,0.0,3083.0,5.008268020286294e-05,False
1094,95028,0.0,1695.0,5.6266339236116086e-05,False
1095,95039,0.0,6792.0,5.511452590079162e-05,False
1096,95040,0.0,860.0,4.361436234441501e-05,False
1097,95042,0.0,1893.0,5.3780594246124927e-05,False
1098,95046,0.0,149.0,4.125380641071376e-05,False
1099,95051,1.0,8900.0,6.529049311882565e-05,False
1100,95052,2.0,9572.0,5.600135811662832e-05,False
1101,95054,0.0,214.0,4.2519143919166546e-05,False
1102,95055,0.0,473.0,4.7012008507602774e-05,False
1103,95056,0.0,2217.0,5.276408978284196e-05,False
1104,95058,0.0,2743.0,5.0445428712685126e-05,False
1105,95059,0.0,362.0,4.788935941579458e-05,False
1106,95060,0.0,7876.0,5.710937991449688e-05,False
1107,95061,0.0,409.0,5.45826795125718e-05,False
1108,95063,4.0,31866.0,9.02312711734886e-05,False
1109,95074,0.0,855.0,5.6570046333282204e-05,False
1110,95078,0.0,1934.0,5.194366068810676e-05,False
1111,95088,0.0,1158.0,7.528032715330627e-05,False
1112,95091,0.0,6596.0,5.9284381531070135e-05,False
1113,95094,0.0,303.0,6.323173480173007e-05,False
1114,95101,0.0,966.0,3.921568453805881e-05,False
1115,95102,0.0,420.0,4.6473073673392935e-05,False
1116,95110,0.0,221.0,4.301005498046584e-05,False
1117,95116,0.0,4367.0,4.907106328211477e-05,False
1118,95119,0.0,320.0,4.1525229234521495e-05,False
1119,95120,0.0,2266.0,5.378886797010341e-05,False
1120,95127,1.0,67790.0,5.871814784494753e-05,False
1121,95134,0.0,5019.0,5.546444318715328e-05,False
1122,95139,0.0,322.0,4.2103387843936654e-05,False
1123,95141,0.0,36.0,4.235127260292437e-05,False
1124,95142,0.0,2042.0,4.396386130777462e-05,False
1125,95144,0.0,77.0,5.03718491307898e-05,False
1126,95149,0.0,3230.0,5.156533717697683e-05,False
1127,95150,0.0,599.0,3.999542297329689e-05,False
1128,95151,0.0,297.0,5.5538380340442866e-05,False
1129,95154,0.0,308.0,5.193290891965768e-05,False
1130,95157,0.0,121.0,3.954195171946281e-05,False
1131,95166,0.0,473.0,4.230792588896118e-05,False
1132,95169,0.0,511.0,4.174482450161777e-05,False
1133,95170,0.0,544.0,4.991234645673658e-05,False
1134,95176,1.0,26074.0,7.344866225854941e-05,False
1135,95177,0.0,1298.0,4.815718673146914e-05,False
1136,95181,0.0,298.0,4.891385115542201e-05,False
1137,95183,0.0,6720.0,5.347086484451168e-05,False
1138,95197,0.0,22050.0,7.646431571379329e-05,False
1139,95199,3.0,15685.0,6.76296066354996e-05,False
1140,95203,0.0,25498.0,6.896128807127143e-05,False
1141,95205,0.0,7099.0,6.908706684347635e-05,False
1142,95210,3.0,11416.0,7.961899618051469e-05,False
1143,95211,0.0,2467.0,5.7580162522920795e-05,False
1144,95212,0.0,112.0,5.3090247230629146e-05,False
1145,95213,0.0,616.0,4.90185710141725e-05,False
1146,95214,0.0,66.0,5.527891609111775e-05,False
1147,95218,0.0,18317.0,6.0973274964417684e-05,False
1148,95219,5.0,29230.0,7.236174535969765e-05,False
1149,95229,0.0,9594.0,6.471912198587916e-05,False
1150,95241,0.0,2078.0,5.362099698315199e-05,False
1151,95250,1.0,9830.0,5.355600500213002e-05,False
1152,95252,1.0,37347.0,7.15216564907187e-05,False
1153,95253,0.0,515.0,4.536309353013536e-05,False
1154,95254,0.0,551.0,4.6278871916236436e-05,False
1155,95256,0.0,3346.0,5.5303422407163896e-05,False
1156,95257,0.0,4655.0,7.256372104142201e-05,False
1157,95258,0.0,349.0,4.9323480395480904e-05,False
1158,95268,3.0,43215.0,8.196379414493785e-05,False
1159,95270,0.0,537.0,4.008948649971322e-05,False
1160,95271,0.0,514.0,5.357293754738421e-05,False
1161,95277,2.0,25853.0,7.25575685567165e-05,False
1162,95280,2.0,30910.0,6.165177250028821e-05,False
1163,95282,0.0,156.0,4.2959687016292204e-05,False
1164,95287,0.0,698.0,4.786974828901121e-05,False
1165,95288,0.0,8474.0,7.457955431385529e-05,False
1166,95295,0.0,143.0,4.109440437560865e-05,False
1167,95298,0.0,566.0,4.7920221222378214e-05,False
1168,95301,0.0,290.0,3.912921805612008e-05,False
1169,95303,0.0,203.0,4.551234763001976e-05,False
1170,95304,0.0,281.0,4.949664349233603e-05,False
1171,95306,1.0,31747.0,6.778353705818973e-05,False
1172,95308,0.0,572.0,5.3278020147363826e-05,False
1173,95309,0.0,213.0,4.2552551585393044e-05,False
1174,95313,6.0,11723.0,6.86801725808854e-05,False
1175,95316,0.0,271.0,5.043864773453637e-05,False
1176,95323,0.0,17225.0,5.705274937286752e-05,False
1177,95328,0.0,644.0,4.93287496053993e-05,False
1178,95331,0.0,191.0,4.687145868394688e-05,False
1179,95341,0.0,382.0,5.290428176412494e-05,False
1180,95348,0.0,535.0,4.6595446349440715e-05,False
1181,95351,0.0,11356.0,5.594941612473201e-05,False
1182,95352,0.0,4828.0,5.121358819865211e-05,False
1183,95353,0.0,1830.0,5.4193237976759996e-05,False
1184,95355,1.0,5810.0,4.527395362009769e-05,False
1185,95365,0.0,718.0,5.059795340966416e-05,False
1186,95369,0.0,2830.0,6.577167292982267e-05,False
1187,95370,0.0,3438.0,4.4342278971871276e-05,False
1188,95371,0.0,5661.0,5.31291816470878e-05,False
1189,95379,0.0,193.0,4.012247814336358e-05,False
1190,95387,0.0,63.0,4.81929727824148e-05,False
1191,95388,0.0,5998.0,5.938112197688033e-05,False
1192,95392,0.0,5211.0,5.497808256676593e-05,False
1193,95394,0.0,9983.0,5.5288891524273e-05,False
1194,95395,0.0,907.0,6.106006091157216e-05,False
1195,95409,0.0,1264.0,5.993322336988114e-05,False
1196,95422,0.0,338.0,4.867923639920341e-05,False
1197,95424,1.0,22186.0,6.887801620960858e-05,False
1198,95426,0.0,2917.0,6.537718694845221e-05,False
1199,95427,1.0,14550.0,7.783470942086781e-05,False
1200,95428,2.0,21688.0,7.502553849080713e-05,False
1201,95429,0.0,398.0,4.014047817712925e-05,False
1202,95430,0.0,3703.0,5.3649362104364635e-05,False
1203,95436,0.0,1655.0,5.483166201295958e-05,False
1204,95438,0.0,116.0,4.210679437030368e-05,False
1205,95445,0.0,753.0,5.419590582672438e-05,False
1206,95446,0.0,1780.0,5.143742999630497e-05,False
1207,95447,0.0,229.0,4.4349392297092975e-05,False
1208,95450,0.0,2056.0,5.86831669617546e-05,False
1209,95452,0.0,868.0,5.4436423069528e-05,False
1210,95456,0.0,647.0,5.0480272610472666e-05,False
1211,95459,0.0,706.0,4.292723148758445e-05,False
1212,95462,0.0,322.0,4.0457969475099106e-05,False
1213,95476,3.0,17111.0,6.431805952926326e-05,False
1214,95480,0.0,5602.0,5.958893173667995e-05,False
1215,95483,0.0,531.0,4.307441521334538e-05,False
1216,95487,0.0,14029.0,5.411051156673145e-05,False
1217,95488,0.0,9734.0,6.181085171852057e-05,False
1218,95489,0.0,669.0,6.874960165662933e-05,False
1219,95491,0.0,8454.0,6.840965943202835e-05,False
1220,95492,0.0,82.0,6.166704481910007e-05,False
1221,95493,0.0,130.0,4.674364354050046e-05,False
1222,95500,8.0,31973.0,7.350665603205745e-05,False
1223,95504,0.0,3948.0,5.4818234105293855e-05,False
1224,95509,0.0,3583.0,5.460863254748102e-05,False
1225,95510,0.0,571.0,5.466019091256322e-05,False
1226,95523,0.0,479.0,3.8008732632288575e-05,False
1227,95527,0.0,2793.0,6.1242675854813e-05,False
1228,95529,0.0,874.0,5.094052328416281e-05,False
1229,95535,0.0,1103.0,4.8249644350760924e-05,False
1230,95539,0.0,15102.0,7.388203959858989e-05,False
1231,95541,0.0,993.0,4.169692422590906e-05,False
1232,95543,0.0,239.0,4.018946292159165e-05,False
1233,95554,0.0,891.0,4.2441230427246215e-05,False
1234,95555,2.0,20914.0,7.703766415960156e-05,False
1235,95563,0.0,16076.0,6.128657968087034e-05,False
1236,95566,0.0,2656.0,5.290177287665031e-05,False
1237,95572,0.0,24743.0,6.932476038185267e-05,False
1238,95574,0.0,7220.0,6.35482700561594e-05,False
1239,95580,0.0,2439.0,5.2344563781027416e-05,False
1240,95582,0.0,26524.0,7.437533300076491e-05,False
1241,95584,0.0,663.0,4.255863410431323e-05,False
1242,95585,14.0,58483.0,8.946179756331211e-05,False
1243,95592,0.0,1297.0,4.773357646195651e-05,False
1244,95594,0.0,1038.0,5.087597152998581e-05,False
1245,95598,0.0,18061.0,7.183107994532432e-05,False
1246,95604,0.0,4276.0,5.23590636516793e-05,False
1247,95607,0.0,26607.0,5.894619222881903e-05,False
1248,95610,0.0,301.0,4.355739994184256e-05,False
1249,95611,0.0,53.0,4.734303622180935e-05,False
1250,95612,0.0,4597.0,6.56814817932296e-05,False
1251,95625,0.0,1339.0,4.3989208394288197e-05,False
1252,95627,0.0,594.0,4.812557270112779e-05,False
1253,95628,0.0,1222.0,5.407931993717563e-05,False
1254,95633,0.0,101.0,6.458066502096476e-05,False
1255,95637,0.0,16020.0,5.6225302489554934e-05,False
1256,95641,0.0,2710.0,4.91303842959751e-05,False
1257,95651,0.0,885.0,3.905096286846233e-05,False
1258,95652,0.0,5264.0,5.0512031876720834e-05,False
1259,95656,0.0,376.0,3.8844733343303336e-05,False
1260,95658,0.0,1098.0,4.607617656006756e-05,False
1261,95660,0.0,762.0,5.3083199577380263e-05,False
1262,95675,0.0,1534.0,5.3050497710183284e-05,False
1263,95676,0.0,490.0,3.936516149381057e-05,False
1264,95678,0.0,857.0,5.374509072601259e-05,False
1265,95680,2.0,28636.0,7.924155863016472e-05,False
1266,95682,0.0,193.0,5.404088743262696e-05,False
1267,95690,0.0,330.0,4.030189035891078e-05,False
